title,link,date
写ルンですをきっかけに。「365日の残し方」をはじめます。,https://www.takchaso.com/entry/film365life,2018-10-01T13:47:30Z
「実はもう1つある感」写ルンですでも、撮ったんです。｜（続）富士フイルムのカメラで、友人の結婚式・披露宴を撮った話。,https://www.takchaso.com/entry/utsurun-desu-wedding,2018-09-28T13:49:05Z
クラッセみたいな「写ルンです」ケースをまんまと買ってしまった。,https://www.takchaso.com/entry/utsurundesu-case,2018-07-29T23:00:00Z
尾道、晴天、写ルンです。,https://www.takchaso.com/entry/onomichi-utsurundesu,2018-07-15T14:18:12Z
倉敷、晴天、写ルンです。,https://www.takchaso.com/entry/kurashiki-utsurundesu,2018-07-10T13:59:36Z
2017.11-12の写ルンです。,https://www.takchaso.com/entry/201711-12utsurundesu,2018-04-09T23:30:00Z
台湾旅行by写ルンです。,https://www.takchaso.com/entry/2018/01/06/223736,2018-01-06T13:37:36Z
クリエイターズマーケットv37に出展しました！,https://www.takchaso.com/entry/2017/12/25/083000,2017-12-24T23:30:00Z
2017.11の写ルンです。,https://www.takchaso.com/entry/2017/11/18/120000,2017-11-18T03:00:00Z
2017.09-10の写ルンです。,https://www.takchaso.com/entry/2017/11/05/180000,2017-11-05T09:00:00Z
「写ルンです」を着飾るためのシールを作ってみた。,https://www.takchaso.com/entry/2017/10/02/213640,2017-10-02T12:36:40Z
エンドオブサマーby写ルンです。,https://www.takchaso.com/entry/2017/09/15/222316,2017-09-15T13:23:16Z
３つの季節を渡った写ルンです。,https://www.takchaso.com/entry/2017/04/20/224050,2017-04-20T13:40:50Z
写ルンですをきっかけに。「365日の残し方」をはじめます。,https://www.takchaso.com/entry/film365life,2018-10-01T13:47:30Z
「実はもう1つある感」写ルンですでも、撮ったんです。｜（続）富士フイルムのカメラで、友人の結婚式・披露宴を撮った話。,https://www.takchaso.com/entry/utsurun-desu-wedding,2018-09-28T13:49:05Z
クラッセみたいな「写ルンです」ケースをまんまと買ってしまった。,https://www.takchaso.com/entry/utsurundesu-case,2018-07-29T23:00:00Z
尾道、晴天、写ルンです。,https://www.takchaso.com/entry/onomichi-utsurundesu,2018-07-15T14:18:12Z
倉敷、晴天、写ルンです。,https://www.takchaso.com/entry/kurashiki-utsurundesu,2018-07-10T13:59:36Z
2017.11-12の写ルンです。,https://www.takchaso.com/entry/201711-12utsurundesu,2018-04-09T23:30:00Z
台湾旅行by写ルンです。,https://www.takchaso.com/entry/2018/01/06/223736,2018-01-06T13:37:36Z
クリエイターズマーケットv37に出展しました！,https://www.takchaso.com/entry/2017/12/25/083000,2017-12-24T23:30:00Z
2017.11の写ルンです。,https://www.takchaso.com/entry/2017/11/18/120000,2017-11-18T03:00:00Z
2017.09-10の写ルンです。,https://www.takchaso.com/entry/2017/11/05/180000,2017-11-05T09:00:00Z
「写ルンです」を着飾るためのシールを作ってみた。,https://www.takchaso.com/entry/2017/10/02/213640,2017-10-02T12:36:40Z
エンドオブサマーby写ルンです。,https://www.takchaso.com/entry/2017/09/15/222316,2017-09-15T13:23:16Z
３つの季節を渡った写ルンです。,https://www.takchaso.com/entry/2017/04/20/224050,2017-04-20T13:40:50Z
